Date,AAPL,AMZN,GOOGL,META,NFLX
02-01-2020,75.09,94.9,68.43,209.78,329.81
03-01-2020,74.36,93.75,68.08,208.67,325.9
06-01-2020,74.95,95.14,69.89,212.6,335.83
07-01-2020,74.6,95.34,69.76,213.06,330.75
08-01-2020,75.8,94.6,70.25,215.22,339.26
09-01-2020,77.41,95.05,70.99,218.3,335.66
10-01-2020,77.58,94.16,71.45,218.06,329.05
13-01-2020,79.24,94.57,72,221.91,338.92
14-01-2020,78.17,93.47,71.53,219.06,338.69
15-01-2020,77.83,93.1,71.96,221.15,339.07
16-01-2020,78.81,93.9,72.51,221.77,338.62
17-01-2020,79.68,93.24,73.98,222.14,339.67
21-01-2020,79.14,94.6,74.11,221.44,338.11
22-01-2020,79.43,94.37,74.19,221.32,326
23-01-2020,79.81,94.23,74.23,219.76,349.6
24-01-2020,79.58,93.08,73.31,217.94,353.16
27-01-2020,77.24,91.42,71.59,214.87,342.88
28-01-2020,79.42,92.66,72.53,217.79,348.52
29-01-2020,81.08,92.9,72.83,223.23,343.16
30-01-2020,80.97,93.53,72.71,209.53,347.74
31-01-2020,77.38,100.44,71.64,201.91,345.09
03-02-2020,77.17,100.21,74.13,204.19,358
04-02-2020,79.71,102.48,72.27,209.83,369.01
05-02-2020,80.36,101.99,72.3,210.11,369.67
06-02-2020,81.3,102.51,73.8,210.85,366.95
07-02-2020,80.01,103.96,73.96,212.33,366.77
10-02-2020,80.39,106.7,75.43,213.06,371.07
11-02-2020,79.9,107.54,75.5,207.19,373.69
12-02-2020,81.8,108,75.93,210.76,380.01
13-02-2020,81.22,107.49,75.67,213.14,381.4
14-02-2020,81.24,106.74,75.94,214.18,380.4
18-02-2020,79.75,107.78,75.97,217.8,387.78
19-02-2020,80.9,108.51,76.24,217.49,386.19
20-02-2020,80.07,107.65,75.85,214.58,386
21-02-2020,78.26,104.8,74.17,210.18,380.07
24-02-2020,74.54,100.46,70.99,200.72,368.7
25-02-2020,72.02,98.64,69.32,196.77,360.09
26-02-2020,73.16,98.98,69.52,197.2,379.24
27-02-2020,68.38,94.21,65.75,189.75,371.71
28-02-2020,68.34,94.19,66.96,192.47,369.03
02-03-2020,74.7,97.7,69.32,196.44,381.05
03-03-2020,72.33,95.45,66.89,185.89,368.77
04-03-2020,75.68,98.79,69.08,191.76,383.79
05-03-2020,73.23,96.2,65.74,185.17,372.78
06-03-2020,72.26,95.05,64.79,181.09,368.97
09-03-2020,66.54,90.03,60.79,169.5,346.49
10-03-2020,71.33,94.59,63.76,178.19,364.13
11-03-2020,68.86,91.04,60.54,170.24,349.92
12-03-2020,62.06,83.83,55.58,154.47,315.25
13-03-2020,69.49,89.25,60.71,170.28,336.3
16-03-2020,60.55,84.46,53.65,146.01,298.84
17-03-2020,63.22,90.39,55.9,149.42,319.75
18-03-2020,61.67,91.5,54.56,146.96,315.47
19-03-2020,61.19,94.05,55.58,153.13,332.03
20-03-2020,57.31,92.3,53.41,149.73,332.83
23-03-2020,56.09,95.14,52.71,148.1,360.27
24-03-2020,61.72,97,56.5,160.98,357.32
25-03-2020,61.38,94.29,55.08,156.21,342.39
26-03-2020,64.61,97.77,58.15,163.34,362.99
27-03-2020,61.94,95,55.51,156.79,357.12
30-03-2020,63.7,98.2,57.32,165.95,370.96
31-03-2020,63.57,97.49,58.1,166.8,375.5
01-04-2020,60.23,95.39,55.1,159.6,364.08
02-04-2020,61.23,95.94,55.85,158.19,370.08
03-04-2020,60.35,95.33,54.63,154.18,361.76
06-04-2020,65.62,99.88,59.16,165.55,379.96
07-04-2020,64.86,100.58,59.13,168.83,372.28
08-04-2020,66.52,102.15,60.35,174.28,371.12
09-04-2020,67,102.14,60.33,175.19,370.72
13-04-2020,68.31,108.44,60.52,174.79,396.72
14-04-2020,71.76,114.17,63.26,178.17,413.55
15-04-2020,71.11,115.38,62.87,176.97,426.75
16-04-2020,71.67,120.41,62.87,176.25,439.17
17-04-2020,70.7,118.75,63.95,179.24,422.96
20-04-2020,69.23,119.68,63.06,178.24,437.49
21-04-2020,67.09,116.41,60.61,170.8,433.83
22-04-2020,69.03,118.17,62.92,182.28,421.42
23-04-2020,68.76,119.97,63.56,185.13,426.7
24-04-2020,70.74,120.51,63.83,190.07,424.99
27-04-2020,70.79,118.8,63.54,187.5,421.38
28-04-2020,69.64,115.7,61.63,182.91,403.83
29-04-2020,71.93,118.64,67.11,194.19,411.89
30-04-2020,73.45,123.7,67.33,204.71,419.85
01-05-2020,72.27,114.3,65.87,202.27,415.27
04-05-2020,73.29,115.8,66.14,205.26,428.15
05-05-2020,74.39,115.89,67.45,207.07,424.68
06-05-2020,75.16,117.56,67.27,208.47,434.26
07-05-2020,75.93,118.38,68.46,211.26,436.53
08-05-2020,77.53,118.98,69.22,212.35,435.55
11-05-2020,78.75,120.45,70.18,213.18,440.52
12-05-2020,77.85,117.85,68.76,210.1,431.82
13-05-2020,76.91,118.4,67.42,205.1,438.27
14-05-2020,77.39,119.44,67.84,206.81,441.95
15-05-2020,76.93,120.49,68.65,210.88,454.19
18-05-2020,78.74,121.31,69.26,213.19,452.58
19-05-2020,78.29,122.47,68.72,216.88,451.04
20-05-2020,79.81,124.9,70.46,229.97,447.67
21-05-2020,79.21,122.34,70.34,231.39,436.25
22-05-2020,79.72,121.84,70.66,234.91,429.32
26-05-2020,79.18,121.09,71.07,232.2,414.77
27-05-2020,79.53,120.52,71.01,229.14,419.89
28-05-2020,79.56,120.06,70.91,225.46,413.44
29-05-2020,79.49,122.12,71.68,225.09,419.73
01-06-2020,80.46,123.55,71.74,231.91,425.92
02-06-2020,80.83,123.62,72.12,232.72,427.31
03-06-2020,81.28,123.92,71.96,230.16,421.97
04-06-2020,80.58,123.03,70.71,226.29,414.33
05-06-2020,82.88,124.15,72,230.77,419.6
08-06-2020,83.36,126.2,72.4,231.4,419.49
09-06-2020,86,130.04,72.6,238.67,434.05
10-06-2020,88.21,132.37,73.24,236.73,434.48
11-06-2020,83.97,127.9,70.1,224.43,425.56
12-06-2020,84.7,127.25,70.65,228.58,418.07
15-06-2020,85.75,128.63,71.04,232.5,425.5
16-06-2020,88.02,130.76,72.32,235.65,436.13
17-06-2020,87.9,132.05,72.63,235.53,447.77
18-06-2020,87.93,132.7,71.71,235.94,449.87
19-06-2020,87.43,133.75,71.23,238.79,453.72
22-06-2020,89.72,135.69,72.53,239.22,468.04
23-06-2020,91.63,138.22,73.2,242.24,466.26
24-06-2020,90.01,136.72,71.64,234.02,457.85
25-06-2020,91.21,137.73,72.06,235.68,465.91
26-06-2020,88.41,134.64,68.13,216.08,443.4
29-06-2020,90.44,134.02,69.86,220.64,447.24
30-06-2020,91.2,137.94,70.9,227.07,455.04
01-07-2020,91.03,143.93,72.1,237.55,485.64
02-07-2020,91.03,144.51,73.5,233.42,476.89
06-07-2020,93.46,152.85,74.98,240.28,493.81
07-07-2020,93.17,150.01,74.5,240.86,493.16
08-07-2020,95.34,154.06,75.18,243.58,502.78
09-07-2020,95.75,159.13,75.93,244.5,507.76
10-07-2020,95.92,160,76.95,245.07,548.73
13-07-2020,95.48,155.2,75.61,239,525.5
14-07-2020,97.06,154.2,76.04,239.73,524.88
15-07-2020,97.72,150.44,75.84,240.28,523.26
16-07-2020,96.52,149.99,75.75,240.93,527.39
17-07-2020,96.33,148.1,75.84,242.03,492.99
20-07-2020,98.36,159.84,78.19,245.42,502.41
21-07-2020,97,156.91,77.8,241.75,490.1
22-07-2020,97.27,155,78.24,239.87,489.82
23-07-2020,92.85,149.33,75.84,232.6,477.58
24-07-2020,92.61,150.45,75.41,230.71,480.45
27-07-2020,94.81,152.76,76.47,233.5,495.65
28-07-2020,93.25,150.02,75.18,230.12,488.51
29-07-2020,95.04,151.68,76.18,233.29,484.48
30-07-2020,96.19,152.59,76.92,234.5,485.8
31-07-2020,106.26,158.23,74.4,253.67,488.88
03-08-2020,108.94,155.59,74.14,251.96,498.62
04-08-2020,109.67,156.94,73.67,249.83,509.64
05-08-2020,110.06,160.25,73.95,249.12,502.11
06-08-2020,113.9,161.25,75.25,265.28,509.08
07-08-2020,111.11,158.37,74.92,268.44,494.73
10-08-2020,112.73,157.41,74.84,263,483.38
11-08-2020,109.38,154.03,74.03,256.13,466.93
12-08-2020,113.01,158.11,75.36,259.89,475.47
13-08-2020,115.01,158.05,75.83,261.3,481.33
14-08-2020,114.91,157.4,75.23,261.24,482.68
17-08-2020,114.61,159.12,75.81,261.16,482.35
18-08-2020,115.56,165.62,77.79,262.34,491.87
19-08-2020,115.71,163.02,77.23,262.59,484.53
20-08-2020,118.28,164.87,78.81,269.01,497.9
21-08-2020,124.37,164.24,78.78,267.01,492.31
24-08-2020,125.86,165.37,79.26,271.39,488.81
25-08-2020,124.82,167.32,80.29,280.82,490.58
26-08-2020,126.52,172.09,82.21,303.91,547.53
27-08-2020,125.01,170,81.43,293.22,526.27
28-08-2020,124.81,170.09,81.97,293.66,523.89
31-08-2020,129.04,172.55,81.48,293.2,529.56
01-09-2020,134.18,174.96,82.75,295.44,556.55
02-09-2020,131.4,176.57,85.87,302.5,552.84
03-09-2020,120.88,168.4,81.48,291.12,525.75
04-09-2020,120.96,164.73,79.06,282.73,516.05
08-09-2020,112.82,157.49,76.18,271.16,507.02
09-09-2020,117.32,163.43,77.36,273.72,500.19
10-09-2020,113.49,158.76,76.3,268.09,480.67
11-09-2020,112,155.81,75.79,266.61,482.03
14-09-2020,115.36,155.15,75.44,266.15,476.26
15-09-2020,115.54,157.81,76.76,272.42,495.99
16-09-2020,112.13,153.9,75.6,263.52,483.86
17-09-2020,110.34,150.44,74.35,254.82,470.2
18-09-2020,106.84,147.75,72.55,252.53,469.96
21-09-2020,110.08,148.02,71.51,248.15,487.35
22-09-2020,111.81,156.45,72.99,254.75,491.17
23-09-2020,107.12,149.99,70.47,249.02,470.61
24-09-2020,108.22,150.99,71.14,249.53,473.08
25-09-2020,112.28,154.76,71.95,254.82,482.88
28-09-2020,114.96,158.7,72.93,256.82,490.65
29-09-2020,114.09,157.24,73.3,261.79,493.48
30-09-2020,115.81,157.44,73.28,261.9,500.03
01-10-2020,116.79,161.06,74.39,266.63,527.51
02-10-2020,113.02,156.25,72.78,259.94,503.06
05-10-2020,116.5,159.96,74.14,264.65,520.65
06-10-2020,113.16,155,72.55,258.66,505.87
07-10-2020,115.08,159.78,72.96,258.12,534.66
08-10-2020,114.97,159.53,74.17,263.76,531.79
09-10-2020,116.97,164.33,75.52,264.45,539.44
12-10-2020,124.4,172.15,78.23,275.75,539.81
13-10-2020,121.1,172.18,78.35,276.14,554.09
14-10-2020,121.19,168.19,78.17,271.82,541.45
15-10-2020,120.71,166.93,77.77,266.72,541.94
16-10-2020,119.02,163.64,78.39,265.93,530.79
19-10-2020,115.98,160.36,76.5,261.4,530.72
20-10-2020,117.51,160.85,77.55,267.56,525.42
21-10-2020,116.87,159.25,79.3,278.73,489.05
22-10-2020,115.75,158.82,80.33,278.12,485.23
23-10-2020,115.04,160.22,81.65,284.79,488.28
26-10-2020,115.05,160.35,79.21,277.11,488.24
27-10-2020,116.6,164.32,79.94,283.29,488.93
28-10-2020,111.2,158.14,75.54,267.67,486.24
29-10-2020,115.32,160.55,77.84,280.83,504.21
30-10-2020,108.86,151.81,80.81,263.11,475.74
02-11-2020,108.77,150.22,81.22,261.36,484.12
03-11-2020,110.44,152.42,82.28,265.3,487.22
04-11-2020,114.95,162.06,87.29,287.38,496.95
05-11-2020,119.03,166.1,88.12,294.68,513.76
06-11-2020,118.69,165.57,87.99,293.41,514.73
09-11-2020,116.32,157.19,88.07,278.77,470.5
10-11-2020,115.97,151.75,86.89,272.43,480.24
11-11-2020,119.49,156.87,87.36,276.48,490.76
12-11-2020,119.21,155.51,87.14,275.08,486.77
13-11-2020,119.26,156.44,88.61,276.95,482.84
16-11-2020,120.3,156.55,88.7,278.96,479.1
17-11-2020,119.39,156.78,88.08,275,480.63
18-11-2020,118.03,155.27,87.03,271.97,481.79
19-11-2020,118.64,155.85,87.93,272.94,484.67
20-11-2020,117.34,154.97,86.82,269.7,488.24
23-11-2020,113.85,154.92,86.38,268.43,476.62
24-11-2020,115.17,155.9,88.19,276.92,482.88
25-11-2020,116.03,159.25,88.21,275.59,485
27-11-2020,116.59,159.77,89.35,277.81,491.36
30-11-2020,119.05,158.4,87.72,276.97,490.7
01-12-2020,122.72,161,89.77,286.55,504.58
02-12-2020,123.08,160.18,91.25,287.52,503.38
03-12-2020,122.94,159.34,91.09,281.85,497.52
04-12-2020,122.25,158.13,91.19,279.7,498.31
07-12-2020,123.75,157.9,90.85,285.58,515.78
08-12-2020,124.38,158.86,90.57,283.4,512.66
09-12-2020,121.78,155.21,88.89,277.92,493.6
10-12-2020,123.24,155.07,88.38,277.12,501.09
11-12-2020,122.41,155.82,88.74,273.55,503.22
14-12-2020,121.78,157.85,87.61,274.19,522.42
15-12-2020,127.88,158.26,88.05,275.55,519.78
16-12-2020,127.81,162.05,87.86,275.67,524.83
17-12-2020,128.7,161.8,87.03,274.48,532.9
18-12-2020,126.66,160.08,86.31,276.4,534.45
21-12-2020,128.23,160.31,86.73,272.79,528.91
22-12-2020,131.88,160.33,86.01,267.09,527.33
23-12-2020,130.96,159.26,86.41,268.11,514.48
24-12-2020,131.97,158.63,86.71,267.4,513.97
28-12-2020,136.69,164.2,88.7,277,519.12
29-12-2020,134.87,166.1,87.89,276.78,530.87
30-12-2020,133.72,164.29,86.81,271.87,524.59
31-12-2020,132.69,162.85,87.63,273.16,540.73
04-01-2021,129.41,159.33,86.31,268.94,522.86
05-01-2021,131.01,160.93,87,270.97,520.8
06-01-2021,126.6,156.92,86.14,263.31,500.49
07-01-2021,130.92,158.11,88.72,268.74,508.89
08-01-2021,132.05,159.13,89.89,267.57,510.4
11-01-2021,128.98,155.71,87.81,256.84,499.1
12-01-2021,128.8,156.04,86.87,251.09,494.25
13-01-2021,130.89,158.29,87.36,251.64,507.79
14-01-2021,128.91,156.37,86.55,245.64,500.86
15-01-2021,127.14,155.21,86.38,251.36,497.98
19-01-2021,127.83,156.04,89.22,261.1,501.77
20-01-2021,132.03,163.17,94,267.48,586.34
21-01-2021,136.87,165.35,94.21,272.87,579.84
22-01-2021,139.07,164.61,94.63,274.5,565.17
25-01-2021,142.92,164.7,94.71,278.01,556.78
26-01-2021,143.16,166.31,95.4,282.05,561.93
27-01-2021,142.06,161.63,90.95,272.14,523.28
28-01-2021,137.09,161.88,92.66,265,538.6
29-01-2021,131.96,160.31,91.37,258.33,532.39
01-02-2021,134.14,167.14,94.65,262.01,539.04
02-02-2021,134.99,169,95.96,267.08,548.16
03-02-2021,133.94,165.63,102.94,266.65,539.45
04-02-2021,137.39,166.55,102.68,266.49,552.16
05-02-2021,136.76,167.61,104.44,268.1,550.79
08-02-2021,136.91,166.15,104.23,266.58,547.92
09-02-2021,136.01,165.25,103.77,269.45,559.07
10-02-2021,135.39,164.33,104.32,271.87,563.59
11-02-2021,135.13,163.11,104.44,270.39,557.59
12-02-2021,135.37,163.89,104.75,270.5,556.52
16-02-2021,133.19,163.45,105.54,273.97,557.28
17-02-2021,130.84,165.43,105.93,273.57,551.34
18-02-2021,129.71,166.41,105.29,269.39,548.22
19-02-2021,129.87,162.49,104.44,261.56,540.22
22-02-2021,126,159.04,102.71,260.33,533.78
23-02-2021,125.86,159.73,103.01,265.86,546.15
24-02-2021,125.35,157.98,104.19,264.31,553.41
25-02-2021,120.99,152.86,100.8,254.69,546.7
26-02-2021,121.26,154.65,101.1,257.62,538.85
01-03-2021,127.79,157.31,103.48,264.91,550.64
02-03-2021,125.12,154.73,103.22,259,547.82
03-03-2021,122.06,150.25,100.57,255.41,520.7
04-03-2021,120.13,148.88,101.7,257.64,511.29
05-03-2021,121.42,150.02,104.85,264.28,516.39
08-03-2021,116.36,147.6,100.38,255.31,493.33
09-03-2021,121.09,153.14,102.02,265.74,506.44
10-03-2021,119.98,152.88,101.81,264.9,504.54
11-03-2021,121.96,155.68,105.03,273.88,523.06
12-03-2021,121.03,154.47,102.5,268.4,518.02
15-03-2021,123.99,154.08,102.72,273.75,520.25
16-03-2021,125.57,154.59,104.19,279.28,524.03
17-03-2021,124.76,156.79,104.11,284.01,524.44
18-03-2021,120.53,151.4,101.07,278.62,504.79
19-03-2021,119.99,153.75,101.35,290.11,512.18
22-03-2021,123.39,155.54,101.53,293.54,523.11
23-03-2021,122.54,156.88,102.07,290.63,535.09
24-03-2021,120.09,154.35,101.63,282.14,520.81
25-03-2021,120.59,152.31,101.62,278.74,502.86
26-03-2021,121.21,152.6,101.24,283.02,508.05
29-03-2021,121.39,153.79,102.29,290.82,513.95
30-03-2021,119.9,152.76,102.32,288,513.39
31-03-2021,122.15,154.7,103.13,294.53,521.66
01-04-2021,123,158.05,106.49,298.66,539.42
05-04-2021,125.9,161.34,110.95,308.91,540.67
06-04-2021,126.21,161.19,110.46,306.26,544.53
07-04-2021,127.9,163.97,111.95,313.09,546.99
08-04-2021,130.36,164.96,112.52,313.02,554.58
09-04-2021,133,168.61,113.53,312.46,555.31
12-04-2021,131.24,168.97,112.23,311.54,552.78
13-04-2021,134.43,170,112.72,309.76,553.73
14-04-2021,132.03,166.65,112.1,302.82,540.02
15-04-2021,134.5,168.95,114.26,307.82,549.22
16-04-2021,134.16,169.97,114.14,306.18,546.54
19-04-2021,134.84,168.6,114.49,302.24,554.44
20-04-2021,133.11,166.73,113.95,302.65,549.57
21-04-2021,133.5,168.1,113.92,301.47,508.9
22-04-2021,131.94,165.45,112.63,296.52,508.78
23-04-2021,134.32,167.04,115,301.13,505.55
26-04-2021,134.72,170.45,115.5,303.04,510.3
27-04-2021,134.39,170.87,114.55,303.57,505.55
28-04-2021,133.58,172.93,117.95,307.1,506.52
29-04-2021,133.48,173.57,119.64,329.51,509
30-04-2021,131.46,173.37,117.68,325.08,513.47
03-05-2021,132.54,169.32,117.15,322.58,509.11
04-05-2021,127.85,165.59,115.34,318.36,503.18
05-05-2021,128.1,163.53,115.74,315.02,496.08
06-05-2021,129.74,165.32,116.87,320.02,499.55
07-05-2021,130.21,164.58,117.6,319.08,503.84
10-05-2021,126.85,159.52,114.59,305.97,486.69
11-05-2021,125.91,161.2,113.5,306.53,495.08
12-05-2021,122.77,157.6,110.01,302.55,484.98
13-05-2021,124.97,158.07,111.45,305.26,486.66
14-05-2021,127.45,161.15,113.92,315.94,493.37
17-05-2021,126.27,163.52,114.45,315.46,488.94
18-05-2021,124.85,161.61,113.12,309.96,486.28
19-05-2021,124.69,161.59,113.57,313.59,487.7
20-05-2021,127.31,162.38,115.35,318.61,501.67
21-05-2021,125.43,160.15,114.71,316.23,497.89
24-05-2021,127.1,162.25,118.05,324.63,502.9
25-05-2021,126.9,162.95,118.14,327.79,501.34
26-05-2021,126.85,163.26,119.02,327.66,502.36
27-05-2021,125.28,161.51,118.13,332.75,503.86
28-05-2021,124.61,161.15,117.84,328.73,502.81
01-06-2021,124.28,160.93,119.06,329.13,499.08
02-06-2021,125.06,161.7,118.53,329.15,499.24
03-06-2021,123.54,159.35,117.38,326.04,489.43
04-06-2021,125.89,160.31,119.68,330.35,494.74
07-06-2021,125.9,159.9,120.11,336.58,494.66
08-06-2021,126.74,163.21,119.92,333.68,492.39
09-06-2021,127.13,164.06,120.4,330.25,485.81
10-06-2021,126.11,167.48,121.76,332.46,487.27
11-06-2021,127.35,167.34,121.51,331.26,488.77
14-06-2021,130.48,169.19,122.45,336.77,499.89
15-06-2021,129.64,169.16,121.42,336.75,491.9
16-06-2021,130.15,170.76,120.77,331.08,492.41
17-06-2021,131.79,174.46,121.74,336.51,498.34
18-06-2021,130.46,174.35,120.11,329.66,500.77
21-06-2021,132.3,172.7,121.81,332.29,497
22-06-2021,133.98,175.27,122.33,339.03,508.82
23-06-2021,133.7,175.19,122.13,340.59,512.74
24-06-2021,133.41,172.45,122.5,343.18,518.06
25-06-2021,133.11,170.07,122.51,341.37,527.07
28-06-2021,134.78,172.19,122.54,355.64,533.03
29-06-2021,136.33,172.41,122.27,351.89,533.5
30-06-2021,136.96,172.01,122.09,347.71,528.21
01-07-2021,137.27,171.65,122.44,354.39,533.54
02-07-2021,139.96,175.55,125.26,354.7,533.98
06-07-2021,142.02,183.79,126.19,352.78,541.64
07-07-2021,144.57,184.83,126.47,350.49,535.96
08-07-2021,143.24,186.57,125.04,345.65,530.76
09-07-2021,145.11,185.97,125.52,350.42,535.98
12-07-2021,144.5,185.93,126.98,353.16,537.31
13-07-2021,145.64,183.87,127.34,352.09,540.68
14-07-2021,149.15,184.08,128.24,347.63,547.95
15-07-2021,148.48,181.56,127,344.46,542.95
16-07-2021,146.39,178.68,126.97,341.16,530.31
19-07-2021,142.45,177.48,124.58,336.95,532.28
20-07-2021,146.15,178.66,126.21,341.66,531.05
21-07-2021,145.4,179.26,127.55,346.23,513.63
22-07-2021,146.8,181.9,128.42,351.19,511.77
23-07-2021,148.56,182.83,133.01,369.79,515.41
26-07-2021,148.99,184.99,134.04,372.46,516.49
27-07-2021,146.77,181.32,131.9,367.81,518.91
28-07-2021,144.98,181.52,136.09,373.28,519.3
29-07-2021,145.64,180,135.78,358.32,514.25
30-07-2021,145.86,166.38,134.73,356.3,517.57
02-08-2021,145.52,166.57,134.85,351.95,515.15
03-08-2021,147.36,168.31,135.63,351.24,510.82
04-08-2021,146.95,167.74,135.13,358.92,517.35
05-08-2021,147.06,168.8,136.25,362.97,524.89
06-08-2021,146.14,167.25,135.74,363.51,520.55
09-08-2021,146.09,167.09,136.91,361.61,519.97
10-08-2021,145.6,166.03,136.81,361.13,515.84
11-08-2021,145.86,164.61,136.28,359.96,512.4
12-08-2021,148.89,165.18,137.19,362.65,510.72
13-08-2021,149.1,164.7,137.73,363.18,515.92
16-08-2021,151.12,164.95,138.31,366.56,517.92
17-08-2021,150.19,162.1,136.66,358.45,518.91
18-08-2021,146.36,160.06,135.45,355.45,521.87
19-08-2021,146.7,159.39,135.68,355.12,543.71
20-08-2021,148.19,160,137.43,359.37,546.88
23-08-2021,149.71,163.29,140.04,363.35,553.33
24-08-2021,149.62,165.29,141.26,365.51,553.41
25-08-2021,148.36,164.96,142.08,368.39,547.58
26-08-2021,147.54,165.8,141.44,364.38,550.12
27-08-2021,148.6,167.48,144,372.63,558.92
30-08-2021,153.12,171.08,144.59,380.66,566.18
31-08-2021,151.83,173.54,144.7,379.38,569.19
01-09-2021,152.51,173.95,145.22,382.05,582.07
02-09-2021,153.65,173.16,143.29,375.28,588.55
03-09-2021,154.3,173.9,143.74,376.26,590.53
07-09-2021,156.69,175.46,144.28,382.18,606.71
08-09-2021,155.11,176.27,143.69,377.57,606.05
09-09-2021,154.07,174.21,143.54,378,597.54
10-09-2021,148.97,173.46,140.88,378.69,598.72
13-09-2021,149.55,172.86,142.33,376.51,589.29
14-09-2021,148.12,172.5,142.54,376.53,577.76
15-09-2021,149.03,173.79,144.43,373.92,582.87
16-09-2021,148.79,174.41,143.61,373.06,586.5
17-09-2021,146.06,173.13,140.8,364.72,589.35
20-09-2021,142.94,167.79,138.72,355.7,575.43
21-09-2021,143.43,167.18,139.03,357.48,573.14
22-09-2021,145.85,169,140.28,343.21,590.65
23-09-2021,146.83,170.8,141.22,345.96,593.26
24-09-2021,146.92,171.28,142.21,352.96,592.39
27-09-2021,145.37,170.29,141.07,353.58,592.64
28-09-2021,141.91,165.8,135.83,340.65,583.85
29-09-2021,142.83,165.06,134.35,339.61,599.06
30-09-2021,141.5,164.25,133.68,339.39,610.34
01-10-2021,142.65,164.16,136.54,343.01,613.15
04-10-2021,139.14,159.49,133.66,326.23,603.35
05-10-2021,141.11,161.05,136.02,332.96,634.81
06-10-2021,142,163.1,137.57,333.64,639.1
07-10-2021,143.29,165.12,139.23,329.22,631.85
08-10-2021,142.9,164.43,139.79,330.05,632.66
11-10-2021,142.81,162.32,138.91,325.45,627.04
12-10-2021,141.51,162.37,136.45,323.77,624.94
13-10-2021,140.91,164.21,137.58,324.54,629.76
14-10-2021,143.76,164.99,141.15,328.53,633.8
15-10-2021,144.84,170.45,141.37,324.76,628.29
18-10-2021,146.55,172.34,142.78,335.34,637.97
19-10-2021,148.76,172.21,143.24,339.99,639
20-10-2021,149.26,170.75,141.77,340.78,625.14
21-10-2021,149.48,171.75,141.89,341.88,653.16
22-10-2021,148.69,166.78,137.57,324.61,664.78
25-10-2021,148.64,166.02,137.45,328.69,671.66
26-10-2021,149.32,168.8,139.31,315.81,668.52
27-10-2021,148.85,169.62,146.22,312.22,662.92
28-10-2021,152.57,172.33,145.85,316.92,674.05
29-10-2021,149.8,168.62,148.05,323.57,690.31
01-11-2021,148.96,165.91,143.5,329.98,681.17
02-11-2021,150.02,165.64,145.43,328.08,677.72
03-11-2021,151.49,169.2,146.6,331.62,688.29
04-11-2021,150.96,173.85,148.27,335.85,668.4
05-11-2021,151.28,175.95,148.85,341.13,645.72
08-11-2021,150.44,174.45,149.03,338.62,651.45
09-11-2021,150.81,178.81,148.92,335.37,655.99
10-11-2021,147.92,174.1,145.89,327.64,646.91
11-11-2021,147.87,173.62,145.77,327.74,657.58
12-11-2021,149.99,176.26,148.68,340.89,682.61
15-11-2021,150,177.28,148.45,347.56,679.33
16-11-2021,151,177.04,147.88,342.96,687.4
17-11-2021,153.49,177.45,148.05,340.77,691.69
18-11-2021,157.87,184.8,149.84,338.69,682.02
19-11-2021,160.55,183.83,148.93,345.3,678.8
22-11-2021,161.02,178.63,146.3,341.01,659.2
23-11-2021,161.41,179,145.78,337.25,654.06
24-11-2021,161.94,179.02,146.12,341.06,658.29
26-11-2021,156.81,175.23,142.18,333.12,665.64
29-11-2021,160.24,178.08,145.53,338.03,663.84
30-11-2021,165.3,175.35,141.9,324.46,641.9
01-12-2021,164.77,172.19,141.05,310.6,617.77
02-12-2021,163.76,171.87,142.97,310.39,616.47
03-12-2021,161.84,169.49,142,306.84,602.13
06-12-2021,165.32,171.37,143.15,317.87,612.69
07-12-2021,171.18,176.16,147.27,322.81,625.58
08-12-2021,175.08,176.16,148.19,330.56,628.08
09-12-2021,174.56,174.17,147.64,329.82,611
10-12-2021,179.45,172.21,148,329.75,611.66
13-12-2021,175.74,169.57,145.83,334.49,604.56
14-12-2021,174.33,169.09,143.91,333.74,597.99
15-12-2021,179.3,173.32,146.44,341.66,605.04
16-12-2021,172.26,168.87,144.45,334.9,591.06
17-12-2021,171.14,170.02,141.73,333.79,586.73
20-12-2021,169.75,167.08,141.61,325.45,593.74
21-12-2021,172.99,170.42,143.47,334.2,604.92
22-12-2021,175.64,171.04,146.41,330.45,614.24
23-12-2021,176.28,171.07,146.92,335.24,614.09
27-12-2021,180.33,169.67,147.91,346.18,613.12
28-12-2021,179.29,170.66,146.69,346.22,610.71
29-12-2021,179.38,169.2,146.65,342.94,610.54
30-12-2021,178.2,168.64,146.2,344.36,612.09
31-12-2021,177.57,166.72,144.85,336.35,602.44
03-01-2022,182.01,170.4,144.99,338.54,597.37
04-01-2022,179.7,167.52,144.4,336.53,591.15
05-01-2022,174.92,164.36,137.77,324.17,567.52
06-01-2022,172,163.25,137.75,332.46,553.29
07-01-2022,172.17,162.55,137.02,331.79,541.06
10-01-2022,172.19,161.49,138.67,328.07,539.85
11-01-2022,175.08,165.36,139.74,334.37,540.84
12-01-2022,175.53,165.21,141.43,333.26,537.22
13-01-2022,172.19,161.21,138.59,326.48,519.2
14-01-2022,173.07,162.14,139.48,331.9,525.69
18-01-2022,169.8,158.92,136,318.15,510.8
19-01-2022,166.23,156.3,135.12,319.59,515.86
20-01-2022,164.51,151.67,133.31,316.56,508.25
21-01-2022,162.41,142.64,130.35,303.17,397.5
24-01-2022,161.62,144.54,130.8,308.71,387.15
25-01-2022,159.78,139.99,126.93,300.15,366.42
26-01-2022,159.69,138.87,129.23,294.63,359.7
27-01-2022,159.22,139.64,129.01,294.64,386.7
28-01-2022,170.33,143.98,133.35,301.71,384.36
31-01-2022,174.78,149.57,135.3,313.26,427.14
01-02-2022,174.61,151.19,137.64,319,457.13
02-02-2022,175.84,150.61,148,323,429.48
03-02-2022,172.9,138.85,143.09,237.76,405.6
04-02-2022,172.39,157.64,143.29,237.09,410.17
07-02-2022,171.66,157.94,139.2,224.91,402.1
08-02-2022,174.83,161.41,139.4,220.18,403.53
09-02-2022,176.28,161.19,141.59,232,412.89
10-02-2022,172.12,159,138.62,228.07,406.27
11-02-2022,168.64,153.29,134.28,219.55,391.31
14-02-2022,168.88,155.17,135.53,217.7,396.57
15-02-2022,172.79,156.51,136.61,221,407.46
16-02-2022,172.55,158.1,137.74,216.54,398.08
17-02-2022,168.88,154.65,132.54,207.71,386.67
18-02-2022,167.3,152.6,130.4,206.16,391.29
22-02-2022,164.32,150.2,129.81,202.08,377.38
23-02-2022,160.07,144.83,127.59,198.45,367.46
24-02-2022,162.74,151.36,132.69,207.6,390.03
25-02-2022,164.85,153.79,134.46,210.48,390.8
28-02-2022,165.12,153.56,135.06,211.03,394.52
01-03-2022,163.2,151.14,134.06,203.49,386.24
02-03-2022,166.56,152.05,134.57,208.11,380.03
03-03-2022,166.23,147.9,133.9,202.97,368.07
04-03-2022,163.17,145.64,131.91,200.06,361.73
07-03-2022,159.3,137.45,126.38,187.47,350.26
08-03-2022,157.44,136.01,127.1,190.29,341.76
09-03-2022,162.95,139.28,133.42,198.5,358.79
10-03-2022,158.52,146.82,132.43,195.21,356.77
11-03-2022,154.73,145.52,129.87,187.61,340.32
14-03-2022,150.62,141.85,125.95,186.63,331.01
15-03-2022,155.09,147.37,129.2,192.03,343.75
16-03-2022,159.59,153.1,133.28,203.63,357.53
17-03-2022,160.62,157.24,133.84,207.84,371.4
18-03-2022,163.98,161.25,136.13,216.49,380.6
21-03-2022,165.38,161.49,136.1,211.49,374.59
22-03-2022,168.82,164.89,139.87,216.65,382.92
23-03-2022,170.21,163.41,138.28,213.46,374.49
24-03-2022,174.07,163.65,141.57,219.57,375.71
25-03-2022,174.72,164.77,141.67,221.82,373.85
28-03-2022,175.6,168.99,141.46,223.59,378.51
29-03-2022,178.96,169.32,142.51,229.86,391.82
30-03-2022,177.77,166.3,141.94,227.85,381.47
31-03-2022,174.61,163,139.07,222.36,374.59
01-04-2022,174.31,163.56,140.15,224.85,373.47
04-04-2022,178.44,168.35,142.97,233.89,391.5
05-04-2022,175.06,164.05,140.59,231.84,380.15
06-04-2022,171.83,158.76,136.55,223.3,368.35
07-04-2022,172.14,157.78,135.89,222.95,362.15
08-04-2022,170.09,154.46,133.29,222.33,355.88
11-04-2022,165.75,151.12,128.82,216.46,348
12-04-2022,167.66,150.79,127.71,214.14,344.1
13-04-2022,170.4,155.54,129.89,214.99,350.43
14-04-2022,165.29,151.71,126.73,210.18,341.13
18-04-2022,165.07,152.79,127.68,210.77,337.86
19-04-2022,167.4,158.12,130.01,217.31,348.61
20-04-2022,167.23,154,128.04,200.42,226.19
21-04-2022,166.42,148.3,124.81,188.07,218.22
22-04-2022,161.79,144.35,119.64,184.11,215.52
25-04-2022,162.88,146.07,123.07,186.99,209.91
26-04-2022,156.8,139.39,118.65,180.95,198.4
27-04-2022,156.57,138.17,114.29,174.95,188.54
28-04-2022,163.64,144.6,118.52,205.73,199.52
29-04-2022,157.65,124.28,114.11,200.47,190.36
02-05-2022,157.96,124.5,116.58,211.13,199.46
03-05-2022,159.48,124.25,117.33,212.03,199.87
04-05-2022,166.02,125.93,122.26,223.41,204.01
05-05-2022,156.77,116.41,116.51,208.28,188.32
06-05-2022,157.28,114.77,115.75,203.77,180.97
09-05-2022,152.06,108.79,112.51,196.21,173.1
10-05-2022,154.51,108.86,114.39,197.65,177.66
11-05-2022,146.5,105.37,113.6,188.74,166.37
12-05-2022,142.56,106.93,112.84,191.24,174.31
13-05-2022,147.11,113.06,116.05,198.62,187.64
16-05-2022,145.54,110.81,114.44,200.04,186.51
17-05-2022,149.24,115.37,116.47,202.62,190.56
18-05-2022,140.82,107.11,111.9,192.24,177.19
19-05-2022,137.35,107.32,110.38,191.29,183.48
20-05-2022,137.59,107.59,108.91,193.54,186.35
23-05-2022,143.11,107.56,111.49,196.23,187.44
24-05-2022,140.36,104.1,105.97,181.28,180.34
25-05-2022,140.52,106.78,105.81,183.83,187.83
26-05-2022,143.78,111.08,107.79,191.63,191.4
27-05-2022,149.64,115.15,112.32,195.13,195.19
31-05-2022,148.84,120.21,113.76,193.64,197.44
01-06-2022,148.71,121.68,113.89,188.64,192.91
02-06-2022,151.21,125.51,117.62,198.86,205.09
03-06-2022,145.38,122.35,114.54,190.78,198.98
06-06-2022,146.14,124.79,116.82,194.25,197.14
07-06-2022,148.71,123,117.15,195.65,198.61
08-06-2022,147.96,121.18,117.19,196.64,202.83
09-06-2022,142.64,116.15,114.84,184,192.77
10-06-2022,137.13,109.65,111.16,175.57,182.94
13-06-2022,131.88,103.67,106.39,164.26,169.69
14-06-2022,132.76,102.31,106.72,163.73,167.54
15-06-2022,135.43,107.67,109.76,169.35,180.11
16-06-2022,130.06,103.66,106.03,160.87,173.35
17-06-2022,131.56,106.22,107.14,163.74,175.51
21-06-2022,135.87,108.68,111.54,157.05,170.91
22-06-2022,135.35,108.95,111.49,155.85,178.89
23-06-2022,138.27,112.44,112.24,158.75,181.71
24-06-2022,141.66,116.46,117.97,170.16,190.85
27-06-2022,141.66,113.22,115.83,169.49,189.14
28-06-2022,137.44,107.4,112.01,160.68,179.6
29-06-2022,139.23,108.92,111.7,163.94,178.36
30-06-2022,136.72,106.21,108.96,161.25,174.87
01-07-2022,138.93,109.56,108.74,160.03,179.95
05-07-2022,141.56,113.5,113.26,168.19,185.88
06-07-2022,142.92,114.33,114.57,169.77,184.06
07-07-2022,146.35,116.33,118.78,172.19,189.27
08-07-2022,147.04,115.54,119.35,170.88,186.98
11-07-2022,144.87,111.75,115.68,162.88,177.34
12-07-2022,145.86,109.22,114.02,163.27,174.45
13-07-2022,145.49,110.4,111.35,163.49,176.56
14-07-2022,148.47,110.63,110.37,158.05,174.78
15-07-2022,150.17,113.55,111.78,164.7,189.11
18-07-2022,147.07,113.76,109.03,167.23,190.92
19-07-2022,151,118.21,113.81,175.78,201.63
20-07-2022,153.04,122.77,113.9,183.09,216.44
21-07-2022,155.35,124.63,114.34,183.17,223.88
22-07-2022,154.09,122.42,107.9,169.27,220.44
25-07-2022,152.95,121.14,107.51,166.65,218.51
26-07-2022,151.6,114.81,105.02,159.15,213.91
27-07-2022,156.79,120.97,113.06,169.58,226.75
28-07-2022,157.35,122.28,114.22,160.72,226.02
29-07-2022,162.51,134.95,116.32,159.1,224.9
01-08-2022,161.51,135.39,114.86,159.93,226.21
02-08-2022,160.01,134.16,115.13,160.19,221.42
03-08-2022,166.13,139.52,118.08,168.8,226.73
04-08-2022,165.81,142.57,118.19,170.57,229.91
05-08-2022,165.35,140.8,117.47,167.11,226.78
08-08-2022,164.87,139.41,117.3,170.25,233.49
09-08-2022,164.92,137.83,116.63,168.53,229.94
10-08-2022,169.24,142.69,119.7,178.34,244.11
11-08-2022,168.49,140.64,118.84,177.49,242.7
12-08-2022,172.1,143.55,121.68,180.5,249.3
15-08-2022,173.19,143.18,122.08,180.89,249.11
16-08-2022,173.03,144.78,121.7,179.47,245.69
17-08-2022,174.55,142.1,119.55,174.85,241.15
18-08-2022,174.15,142.3,120.17,174.66,245.17
19-08-2022,171.52,138.23,117.21,167.96,241.16
22-08-2022,167.57,133.22,114.24,163.05,226.54
23-08-2022,167.23,133.62,113.86,161.11,224.55
24-08-2022,167.53,133.8,113.69,163.26,229.61
25-08-2022,170.03,137.28,116.65,168.78,233.98
26-08-2022,163.62,130.75,110.34,161.78,223.28
29-08-2022,161.38,129.79,109.42,159.17,224.57
30-08-2022,158.91,128.73,108.94,157.16,220.65
31-08-2022,157.22,126.77,108.22,162.93,223.56
01-09-2022,157.96,127.82,109.74,165.36,230.04
02-09-2022,155.81,127.51,107.85,160.32,226.11
06-09-2022,154.53,126.11,106.81,158.54,218.39
07-09-2022,155.96,129.48,109.45,160.39,228.96
08-09-2022,154.46,129.82,108.38,162.06,227.44
09-09-2022,157.37,133.27,110.65,169.15,233.57
12-09-2022,163.43,136.45,110.86,168.96,236.53
13-09-2022,153.84,126.82,104.32,153.13,218.13
14-09-2022,155.31,128.55,105,151.47,224.12
15-09-2022,152.37,126.28,102.91,149.55,235.38
16-09-2022,150.7,123.53,102.8,146.29,240.13
19-09-2022,154.48,124.66,103.07,148.02,243.63
20-09-2022,156.9,122.19,101.14,146.09,242.85
21-09-2022,153.72,118.54,99.28,142.12,236.87
22-09-2022,152.74,117.31,100.14,142.82,237.05
23-09-2022,150.43,113.78,98.74,140.41,226.41
26-09-2022,150.77,115.15,98.17,136.37,224.07
27-09-2022,151.76,114.41,97.5,134.4,224.36
28-09-2022,149.84,118.01,100.05,141.61,245.2
29-09-2022,142.48,114.8,97.42,136.41,239.71
30-09-2022,138.2,113,95.65,135.68,235.44
03-10-2022,142.45,115.88,98.64,138.61,239.04
04-10-2022,146.1,121.09,101.64,140.28,240.74
05-10-2022,146.4,120.95,101.43,138.98,236.73
06-10-2022,145.43,120.3,101.42,139.07,240.02
07-10-2022,140.09,114.56,98.68,133.45,224.75
10-10-2022,140.42,113.67,97.86,133.79,229.98
11-10-2022,138.98,112.21,97.18,128.54,214.29
12-10-2022,138.34,112.9,97.56,127.5,220.87
13-10-2022,142.99,112.53,99.06,130.29,232.51
14-10-2022,138.38,106.9,96.56,126.76,230
17-10-2022,142.41,113.79,99.97,134.04,245.1
18-10-2022,143.75,116.36,100.77,132.8,240.86
19-10-2022,143.86,115.07,99.63,133.23,272.38
20-10-2022,143.39,115.25,99.97,131.53,268.16
21-10-2022,147.27,119.32,101.13,130.01,289.57
24-10-2022,149.45,119.82,102.52,129.72,282.45
25-10-2022,152.34,120.6,104.48,137.51,291.02
26-10-2022,149.35,115.66,94.93,129.82,298.62
27-10-2022,144.8,110.96,92.22,97.94,296.94
28-10-2022,155.74,103.41,96.29,99.2,295.72
31-10-2022,153.34,102.44,94.51,93.16,291.88
01-11-2022,150.65,96.79,90.47,95.2,286.75
02-11-2022,145.03,92.12,86.97,90.54,273
03-11-2022,138.88,89.3,83.43,88.91,269.06
04-11-2022,138.38,90.98,86.58,90.79,260.79
07-11-2022,138.92,90.53,88.49,96.72,258.6
08-11-2022,139.5,89.98,88.9,96.47,263.46
09-11-2022,134.87,86.14,87.32,101.47,254.66
10-11-2022,146.87,96.63,93.94,111.87,274.97
11-11-2022,149.7,100.79,96.41,113.02,290.13
14-11-2022,148.28,98.49,95.7,114.22,299.27
15-11-2022,150.04,98.94,98.44,117.08,310.2
16-11-2022,148.79,97.12,98.85,113.23,306.02
17-11-2022,150.72,94.85,98.36,111.45,295.28
18-11-2022,151.29,94.14,97.43,112.05,287.98
21-11-2022,148.01,92.46,95.6,109.86,285.05
22-11-2022,150.18,93.2,97.05,111.44,286.69
23-11-2022,151.07,94.13,98.46,112.24,291.5
25-11-2022,148.11,93.41,97.46,111.41,285.54
28-11-2022,144.22,93.95,96.05,108.78,281.17
29-11-2022,141.17,92.42,95.19,109.46,280.96
30-11-2022,148.03,96.54,100.99,118.1,305.53
01-12-2022,148.31,95.5,100.99,120.44,316.95
02-12-2022,147.81,94.13,100.44,123.49,320.41
05-12-2022,146.63,91.01,99.48,122.43,312.59
06-12-2022,142.91,88.25,96.98,114.12,305.56
07-12-2022,140.94,88.46,94.94,113.93,308.42
08-12-2022,142.65,90.35,93.71,115.33,310.26
09-12-2022,142.16,89.09,92.83,115.9,320.01
12-12-2022,144.49,90.55,93.31,114.71,315.18
13-12-2022,145.47,92.49,95.63,120.15,320.34
14-12-2022,143.21,91.58,95.07,121.59,317.83
15-12-2022,136.5,88.45,90.86,116.15,290.41
16-12-2022,134.51,87.86,90.26,119.43,290.71
19-12-2022,132.37,84.92,88.44,114.48,288.3
20-12-2022,132.3,85.19,89.02,117.09,288.19
21-12-2022,135.45,86.77,89.58,119.76,297.96
22-12-2022,132.23,83.79,87.76,117.12,297.75
23-12-2022,131.86,85.25,89.23,118.04,294.96
27-12-2022,130.03,83.04,87.39,116.88,284.17
28-12-2022,126.04,81.82,86.02,115.62,276.88
29-12-2022,129.61,84.18,88.45,120.26,291.12
30-12-2022,129.93,84,88.23,120.34,294.88
03-01-2023,125.07,85.82,89.12,124.74,294.95
04-01-2023,126.36,85.14,88.08,127.37,309.41
05-01-2023,125.02,83.12,86.2,126.94,309.7
06-01-2023,129.62,86.08,87.34,130.02,315.55
09-01-2023,130.15,87.36,88.02,129.47,315.17
10-01-2023,130.73,89.87,88.42,132.99,327.54
11-01-2023,133.49,95.09,91.52,132.89,327.26
12-01-2023,133.41,95.27,91.13,136.71,330.13
13-01-2023,134.76,98.12,92.12,136.98,332.82
17-01-2023,135.94,96.05,91.29,135.36,326.22
18-01-2023,135.21,95.46,91.12,133.02,326.33
19-01-2023,135.27,93.68,93.05,136.15,315.78
20-01-2023,137.87,97.25,98.02,139.37,342.5
23-01-2023,141.11,97.52,99.79,143.27,357.42
24-01-2023,142.53,96.32,97.7,143.14,363.83
25-01-2023,141.86,97.18,95.22,141.5,367.96
26-01-2023,143.96,99.22,97.52,147.3,364.87
27-01-2023,145.93,102.24,99.37,151.74,360.77
30-01-2023,143,100.55,96.94,147.06,353.11
31-01-2023,144.29,103.13,98.84,148.97,353.86
01-02-2023,145.43,105.15,100.43,153.12,361.99
02-02-2023,150.82,112.91,107.74,188.77,366.89
03-02-2023,154.5,103.39,104.78,186.53,365.9
06-02-2023,151.73,102.18,102.9,186.06,361.48
07-02-2023,154.65,102.11,107.64,191.62,362.95
08-02-2023,151.92,100.05,99.37,183.43,366.83
09-02-2023,150.87,98.24,95.01,177.92,362.5
10-02-2023,151.01,97.61,94.57,174.15,347.36
13-02-2023,153.85,99.54,94.61,179.43,358.57
14-02-2023,153.2,99.7,94.68,179.48,359.96
15-02-2023,155.33,101.16,96.94,177.16,361.42
16-02-2023,153.71,98.15,95.51,172.44,350.71
17-02-2023,152.55,97.2,94.35,172.88,347.96
21-02-2023,148.48,94.58,91.79,172.08,337.5
22-02-2023,148.91,95.79,91.65,171.12,334.88
23-02-2023,149.4,95.82,90.89,172.04,323.65
24-02-2023,146.71,93.5,89.13,170.39,317.15
27-02-2023,147.92,93.76,89.87,169.54,323.03
28-02-2023,147.41,94.23,90.06,174.94,322.13
01-03-2023,145.31,92.17,90.36,173.42,313.48
02-03-2023,145.91,92.13,92,174.53,311.88
03-03-2023,151.03,94.9,93.65,185.25,315.18
06-03-2023,153.83,93.75,95.13,184.9,312.03
07-03-2023,151.6,93.55,93.86,184.51,308.47
08-03-2023,152.87,93.92,94.25,184.97,311.79
09-03-2023,150.59,92.25,92.32,181.69,297.78
10-03-2023,148.5,90.73,90.63,179.51,292.76
13-03-2023,150.47,92.43,91.11,180.9,293.51
14-03-2023,152.59,94.88,93.97,194.02,294.94
15-03-2023,152.99,96.2,96.11,197.75,303.79
16-03-2023,155.85,100.04,100.32,204.93,310.06
17-03-2023,155,98.95,101.62,195.61,303.5
20-03-2023,157.4,97.71,101.22,197.81,305.13
21-03-2023,159.28,100.61,104.92,202.16,305.79
22-03-2023,157.83,98.7,103.37,199.81,293.9
23-03-2023,158.93,98.71,105.6,204.28,320.37
24-03-2023,160.25,98.13,105.44,206.01,328.39
27-03-2023,158.28,98.04,102.46,202.84,327.66
28-03-2023,157.65,97.24,101.03,200.68,323.52
29-03-2023,160.77,100.25,101.39,205.35,332.03
30-03-2023,162.36,102,100.89,207.84,338.43
31-03-2023,164.9,103.29,103.73,211.94,345.48
03-04-2023,166.17,102.41,104.36,213.07,348.28
04-04-2023,165.63,103.95,104.72,214.72,346.75
05-04-2023,163.76,101.1,104.47,211.48,342.35
06-04-2023,164.66,102.06,108.42,216.1,339.33
10-04-2023,162.03,102.17,106.44,214.75,338.99
11-04-2023,160.8,99.92,105.35,213.85,338.21
12-04-2023,160.1,97.83,104.64,214,331.03
13-04-2023,165.56,102.4,107.43,220.35,346.19
14-04-2023,165.21,102.51,108.87,221.49,338.63
17-04-2023,165.23,102.74,105.97,218.86,332.72
18-04-2023,166.47,102.3,104.5,217.89,333.7
19-04-2023,167.63,104.3,104.18,215.7,323.12
20-04-2023,166.65,103.81,105.29,213.07,325.35
21-04-2023,165.02,106.96,105.41,212.89,327.98
24-04-2023,165.33,106.21,105.97,212.79,329.02
25-04-2023,163.77,102.57,103.85,207.55,322.55
26-04-2023,163.76,104.98,103.71,209.4,321.15
27-04-2023,168.41,109.82,107.59,238.56,325.85
28-04-2023,169.68,105.45,107.34,240.32,329.93
01-05-2023,169.59,102.05,107.2,243.18,324.12
02-05-2023,168.54,103.63,105.32,239.24,317.55
03-05-2023,167.45,103.65,105.41,237.03,319.3
04-05-2023,165.79,104,104.69,233.52,320.78
05-05-2023,173.57,105.66,105.57,232.78,322.76
08-05-2023,173.5,105.83,107.77,233.27,331.21
09-05-2023,171.77,106.62,107.35,233.37,332.14
10-05-2023,173.56,110.19,111.75,233.08,335.42
11-05-2023,173.75,112.18,116.57,235.79,344.76
12-05-2023,172.57,110.26,117.51,233.81,339.89
15-05-2023,172.07,111.2,116.51,238.86,335.89
16-05-2023,172.07,113.4,119.51,238.82,333.75
17-05-2023,172.69,115.5,120.84,242.49,339.96
18-05-2023,175.05,118.15,122.83,246.85,371.29
19-05-2023,175.16,116.25,122.76,245.64,365.36
22-05-2023,174.2,115.01,125.05,248.32,363.01
23-05-2023,171.56,114.99,122.56,246.74,355.99
24-05-2023,171.84,116.75,120.9,249.21,364.85
25-05-2023,172.99,115,123.48,252.69,359
26-05-2023,175.43,120.11,124.61,262.04,378.88
30-05-2023,177.3,121.66,123.67,262.52,392.98
31-05-2023,177.25,120.58,122.87,264.72,395.23
01-06-2023,180.09,122.77,123.72,272.61,403.13
02-06-2023,180.95,124.25,124.67,272.61,400.47
05-06-2023,179.58,125.3,126.01,271.39,403.54
06-06-2023,179.21,126.61,127.31,271.12,399.29
07-06-2023,177.82,121.23,122.5,263.6,399.77
08-06-2023,180.57,124.25,122.14,264.58,409.37
09-06-2023,180.96,123.43,122.23,264.95,420.02
12-06-2023,183.79,126.57,123.64,271.05,423.97
13-06-2023,183.31,126.66,123.83,271.32,435.73
14-06-2023,183.95,126.42,123.67,273.35,440.86
15-06-2023,186.01,127.11,125.09,281.83,445.27
16-06-2023,184.92,125.49,123.53,281,431.96
20-06-2023,185.01,125.78,123.1,284.33,434.7
21-06-2023,183.96,124.83,120.55,281.64,424.45
22-06-2023,187,130.15,123.15,284.88,422.48
23-06-2023,186.68,129.33,122.34,288.73,424.02
26-06-2023,185.27,127.33,118.34,278.47,415.94
27-06-2023,188.06,129.18,118.33,287.05,417.08
28-06-2023,189.25,129.04,120.18,285.29,429.84
29-06-2023,189.59,127.9,119.1,281.53,428.24
30-06-2023,193.97,130.36,119.7,286.98,440.49
03-07-2023,192.46,130.22,119.9,286.02,441.44
05-07-2023,191.33,130.38,121.75,294.37,445.9
06-07-2023,191.81,128.36,120.11,291.99,438.84
07-07-2023,190.68,129.78,119.48,290.53,438.1
10-07-2023,188.61,127.13,116.45,294.1,441.71
11-07-2023,188.08,128.78,117.14,298.29,440.21
12-07-2023,189.77,130.8,118.93,309.34,444.05
13-07-2023,190.54,134.3,124.54,313.41,450.38
14-07-2023,190.69,134.68,125.42,308.87,441.91
17-07-2023,193.99,133.56,124.65,310.62,450.05
18-07-2023,193.73,132.83,123.76,312.05,474.8
19-07-2023,195.1,135.36,122.03,316.01,477.59
20-07-2023,193.13,129.96,119.2,302.52,437.42
21-07-2023,191.94,130,120.02,294.26,427.5
24-07-2023,192.75,128.8,121.53,291.61,428.37
25-07-2023,193.62,129.13,122.21,294.47,427.7
26-07-2023,194.5,128.15,129.27,298.57,422.67
27-07-2023,193.22,128.25,129.4,311.71,413.17
28-07-2023,195.83,132.21,132.58,325.48,425.78
31-07-2023,196.45,133.68,132.72,318.6,438.97
01-08-2023,195.61,131.69,131.55,322.71,438.62
02-08-2023,192.58,128.21,128.38,314.31,429.7
03-08-2023,191.17,128.91,128.45,313.19,431
04-08-2023,181.99,139.57,128.11,310.73,431.6
07-08-2023,178.85,142.22,131.53,316.56,440.76
08-08-2023,179.8,139.94,131.4,312.64,438.3
09-08-2023,178.19,137.85,129.66,305.21,428.9
10-08-2023,177.97,138.56,129.69,305.74,429.98
11-08-2023,177.79,138.41,129.56,301.64,421.66
14-08-2023,179.46,140.57,131.33,306.19,427.78
15-08-2023,177.45,137.67,129.78,301.95,423.7
16-08-2023,176.57,135.07,128.7,294.29,415.45
17-08-2023,174,133.98,129.92,285.09,403
18-08-2023,174.49,133.22,127.46,283.25,404.53
21-08-2023,175.84,134.68,128.37,289.9,408.29
22-08-2023,177.23,134.25,129.08,287.6,413.17
23-08-2023,181.12,135.52,132.37,294.24,427.55
24-08-2023,176.38,131.84,129.78,286.75,406.93
25-08-2023,178.61,133.26,129.88,285.5,416.03
28-08-2023,180.19,133.14,131.01,290.26,418.06
29-08-2023,184.12,134.91,134.57,297.99,429.99
30-08-2023,187.65,135.07,135.88,295.1,434.67
31-08-2023,187.87,138.01,136.17,295.89,433.68
01-09-2023,189.46,138.12,135.66,296.38,439.88
05-09-2023,189.7,137.27,135.77,300.15,448.68
06-09-2023,182.91,135.36,134.46,299.17,445.76
07-09-2023,177.56,137.85,135.26,298.67,443.14
08-09-2023,178.18,138.23,136.38,297.89,442.8
11-09-2023,179.36,143.1,136.92,307.56,445.36
12-09-2023,176.3,141.23,135.34,301.66,434.69
13-09-2023,174.21,144.85,136.71,305.06,412.24
14-09-2023,175.74,144.72,138.1,311.72,400.49
15-09-2023,175.01,140.39,137.4,300.31,396.94
18-09-2023,177.97,139.98,138.21,302.55,394.4
19-09-2023,179.07,137.63,138.04,305.07,396.2
20-09-2023,175.49,135.29,133.74,299.67,386.3
21-09-2023,173.93,129.33,130.44,295.73,384.15
22-09-2023,174.79,129.12,130.25,299.08,379.81
25-09-2023,176.08,131.27,131.11,300.83,384.8
26-09-2023,171.96,125.98,128.57,298.96,379.25
27-09-2023,170.43,125.98,130.54,297.74,377.59
28-09-2023,170.69,125.98,132.31,303.96,376.36
29-09-2023,171.21,127.12,130.86,300.21,377.6
02-10-2023,173.75,129.46,134.17,306.82,380.33
03-10-2023,172.4,124.72,132.43,300.94,376.75
04-10-2023,173.66,127,135.24,305.58,376.9
05-10-2023,174.91,125.96,135.07,304.79,372.59
06-10-2023,177.49,127.96,137.58,315.43,381.51
09-10-2023,178.99,128.26,138.42,318.36,385.95
10-10-2023,178.39,129.48,138.06,321.84,373.32
11-10-2023,179.8,131.83,140.55,327.82,365.93
12-10-2023,180.71,132.33,138.97,324.16,361.2
13-10-2023,178.85,129.79,137.36,314.69,355.68
16-10-2023,178.72,132.55,139.1,321.15,360.82
17-10-2023,177.15,131.47,139.72,324,355.72
18-10-2023,175.84,128.13,137.96,316.97,346.19
19-10-2023,175.46,128.4,137.75,312.81,401.77
20-10-2023,172.88,125.17,135.6,308.65,400.96
23-10-2023,173,126.56,136.5,314.01,406.84
24-10-2023,173.44,128.56,138.81,312.55,413.73
25-10-2023,171.1,121.39,125.61,299.53,411.25
26-10-2023,166.89,119.57,122.28,288.35,403.54
27-10-2023,168.22,127.74,122.17,296.73,397.87
30-10-2023,170.29,132.71,124.46,302.66,410.08
31-10-2023,170.77,133.09,124.08,301.27,411.69
01-11-2023,173.97,137,126.45,311.85,420.19
02-11-2023,177.57,138.07,127.49,310.87,424.71
03-11-2023,176.65,138.6,129.1,314.6,432.36
06-11-2023,179.23,139.74,130.25,315.8,434.74
07-11-2023,181.82,142.71,130.97,318.82,434.61
08-11-2023,182.89,142.08,131.84,319.78,436.65
09-11-2023,182.41,140.6,130.24,320.55,435.15
10-11-2023,186.4,143.56,132.59,328.77,447.24
13-11-2023,184.8,142.59,132.09,329.19,444.62
14-11-2023,187.44,145.8,133.62,336.31,448.65
15-11-2023,188.01,143.2,134.62,332.71,461.94
16-11-2023,189.71,142.83,136.93,334.19,466.95
17-11-2023,189.69,145.18,135.31,335.04,465.91
20-11-2023,191.45,146.13,136.25,339.97,474.47
21-11-2023,190.64,143.9,136.97,336.98,474.95
22-11-2023,191.31,146.71,138.49,341.49,478
24-11-2023,189.97,146.74,136.69,338.23,479.56
27-11-2023,189.79,147.73,136.41,334.7,479.17
28-11-2023,190.4,147.03,137.2,338.99,479
29-11-2023,189.37,146.32,134.99,332.2,477.19
30-11-2023,189.95,146.09,132.53,327.15,473.97
01-12-2023,191.24,147.03,131.86,324.82,465.74
04-12-2023,189.43,144.84,129.27,320.02,453.9
05-12-2023,193.42,146.88,130.99,318.29,455.15
06-12-2023,192.32,144.52,130.02,317.45,446.73
07-12-2023,194.27,146.88,136.93,326.59,452
08-12-2023,195.71,147.42,134.99,332.75,453.76
11-12-2023,193.18,145.89,133.29,325.28,459.89
12-12-2023,194.71,147.48,132.52,334.22,463
13-12-2023,197.96,148.84,132.57,334.74,479.98
14-12-2023,198.11,147.42,131.94,333.17,469.83
15-12-2023,197.57,149.97,132.6,334.92,472.06
18-12-2023,195.89,154.07,135.8,344.62,486.12
19-12-2023,196.94,153.79,136.65,350.36,495.02
20-12-2023,194.83,152.12,138.34,349.28,489.27
21-12-2023,194.68,153.84,140.42,354.09,491.61
22-12-2023,193.6,153.42,141.49,353.39,486.76
26-12-2023,193.05,153.41,141.52,354.83,491.19
27-12-2023,193.15,153.34,140.37,357.83,491.79
28-12-2023,193.58,153.38,140.23,358.32,490.51
29-12-2023,192.53,151.94,139.69,353.96,486.88
